{
  "x": {
    "amplitude_Hz": 26644953.84566768,
    "drag_beta": 0.116252413089246,
    "terminal_population": {
      "0": 2.0029370432640498e-07,
      "1": 0.9999820384473892,
      "2": 1.776125890633924e-05
    }
  },
  "sx": {
    "amplitude_Hz": 13268881.253114704,
    "drag_beta": 0.11942556264486488,
    "terminal_population": {
      "0": 0.49999863597942845,
      "1": 0.4999993128417691,
      "2": 2.0511788023513924e-06
    }
  },
  "calibration_mode": {
    "noise": "disabled",
    "solver_mode": "me"
  }
}