{
  "x": {
    "amplitude_Hz": 26397198.24615286,
    "drag_beta": 0.13168007413329302,
    "terminal_population": {
      "0": 0.00040219022338809163,
      "1": 0.9995800392376859,
      "2": 1.777053892596818e-05
    }
  },
  "sx": {
    "amplitude_Hz": 13272529.48751681,
    "drag_beta": 0.1718815182114137,
    "terminal_population": {
      "0": 0.5000282296445271,
      "1": 0.49996956602721454,
      "2": 2.2043282581549016e-06
    }
  },
  "calibration_mode": {
    "noise": "disabled",
    "solver_mode": "me"
  }
}